objectid,identifier,title,creator,recipient,date,description,subject,location,latitude,longitude,source,type,format,language,rights,rightsstatement,display_template,object_location,image_small,image_thumb,image_alt_text,object_transcript,object_translation,FromThePage Slug,ID for first image
32029150,1,Invitation messe St Louis 25 août 1780 à Versailles ,Secretaire général de l'Ordre de Saint Louis,"Antoine-Charles Du Houx, Baron de Vioménil",1780-08-20,,"Versailles, France","Versailles, Versailles, France",48.80759347,2.100656424,,,,French,,,manifest,https://fromthepage.com/iiif/32029150/manifest,https://fromthepage.com/image-service/32520095/full/pct:30/0/default.jpg,https://fromthepage.com/image-service/32520095/full/pct:10/0/default.jpg,,/objects/transcripts/test-3c1141ac-316d-40ab-9e3c-da653299d117.md,/objects/translations/test-3c1141ac-316d-40ab-9e3c-da653299d117.md,test-3c1141ac-316d-40ab-9e3c-da653299d117,
32029426,100,Lettre La Villebrune + liste bateaux (Annapolis) ,La Villebrune,"Antoine-Charles Du Houx, Baron de Vioménil",1781-09-16,,Praintanau;Jacques-Aimé Le Saige de La Villèsbrunne;Ann-César de la Luzerne; 1741-1791,"Annapolis, Maryland, USA",38.97787859,-76.48992152,,,,French,,,manifest,https://fromthepage.com/iiif/32029426/manifest,https://fromthepage.com/image-service/32541574/full/pct:30/0/default.jpg,https://fromthepage.com/image-service/32541574/full/pct:10/0/default.jpg,,/objects/transcripts/no100.md,/objects/translations/no100.md,no100,
32029427,101,"Benoît-Joseph de Tarlé to Antoine-Charles du Houx, baron de Vioménil, 20 Sep 1781",Benoît-Joseph de Tarlé,"Antoine-Charles Du Houx, Baron de Vioménil",1781-09-20,,"Jean-Baptiste Donatien de Vimeur de Rochambeau; 1725-1807; Williamsburg, Virginia;Philadelphia, Pennsylvania;Alexandria, Virginia; Williamsburg, Virginia;Jacques-Aimé Le Saige de La Villèsbrunne;Jeremiah Wadsworth; 1743-1804;John Barker Church aka John Carter; 1748-1818;Ann-César de la Luzerne; 1741-1791;Jeremiah Wadsworth; 1743-1804;John Barker Church aka John Carter; 1748-1818;Benoît-Joseph de Tarlé; 1735-1797","Annapolis, Maryland, USA",38.97787859,-76.48992152,,,,French,,,manifest,https://fromthepage.com/iiif/32029427/manifest,https://fromthepage.com/image-service/32541578/full/pct:30/0/default.jpg,https://fromthepage.com/image-service/32541578/full/pct:10/0/default.jpg,,/objects/transcripts/no101.md,/objects/translations/no101.md,no101,
32029428,102,Dans l'ordre... Brouillon B de V - Rassemblement des voitures ,"Charles-Antoine Du Houx, Baron de Vioménil ",,1781-09-10,,Jacques-Pierre Orillard de Villemanzy; 1751-1830,,,,,,,French,,,manifest,https://fromthepage.com/iiif/32029428/manifest,https://fromthepage.com/image-service/32541581/full/pct:30/0/default.jpg,https://fromthepage.com/image-service/32541581/full/pct:10/0/default.jpg,,/objects/transcripts/no102-jpg.md,/objects/translations/no102-jpg.md,no102-jpg,
32030675,102a,Lettre Rochambeau à B de V,"Jean-Baptiste Vimeur, Comte de Rochambeau","Antoine-Charles Du Houx, Baron de Vioménil",1782-12-06,,"George Washington; 1732-1799; New York ;Charleston, South Carolina;Ann-César de la Luzerne; 1741-1791;Saint Augustine, Florida;Jean-Baptiste Donatien de Vimeur de Rochambeau; 1725-1807",More House Tavern,,,,,,French,,,manifest,https://fromthepage.com/iiif/32030675/manifest,https://fromthepage.com/image-service/32567511/full/pct:30/0/default.jpg,https://fromthepage.com/image-service/32567511/full/pct:10/0/default.jpg,,/objects/transcripts/no102a.md,/objects/translations/no102a.md,no102a,
32029430,103,Brouillon lettre B de V (à La Luzerne ?),"Charles-Antoine Du Houx, Baron de Vioménil ",La Luzerne,1781-09-19,,"Annapolis, Maryland; Williamsburg, Virginia;Jean-Baptiste Donatien de Vimeur de Rochambeau; 1725-1807;Hans Axel von Fersen; 1755-1810; Baltimore, Maryland;Head of Elk, Maryland ;Alexandria, Virginia; Baltimore, Maryland;Jacques-Aimé Le Saige de La Villèsbrunne;Head of Elk, Maryland ; Baltimore, Maryland;Alexandria, Virginia;Fredericksburg, Virginia ;James River;Jean-Baptiste Donatien de Vimeur de Rochambeau; 1725-1807;Hans Axel von Fersen; 1755-1810;Ann-César de la Luzerne; 1741-1791; Maryland ;Virginia;François Joseph Paul de Grasse; 1722-1788",,,,,,,French,,,manifest,https://fromthepage.com/iiif/32029430/manifest,https://fromthepage.com/image-service/32541582/full/pct:30/0/default.jpg,https://fromthepage.com/image-service/32541582/full/pct:10/0/default.jpg,,/objects/transcripts/no103.md,/objects/translations/no103.md,no103,
32030676,103a,Lettre Rochambeau à B de V,Rochambeau,"Antoine-Charles Du Houx, Baron de Vioménil",1782-12-18,,"philadelphie ;Virginia;Charleston, South Carolina; New York ; Baltimore, Maryland;Jamaica;Gibraltar;Chesapeake Bay;Louis XVI; 1754-1793; Boston, Masssachusetts;Philadelphia, Pennsylvania;Charles Henri d'Estaing; 1729-1794;Jean-Baptiste Donatien de Vimeur de Rochambeau; 1725-1807",,,,,,,French,,,manifest,https://fromthepage.com/iiif/32030676/manifest,https://fromthepage.com/image-service/32567513/full/pct:30/0/default.jpg,https://fromthepage.com/image-service/32567513/full/pct:10/0/default.jpg,,/objects/transcripts/no103a.md,/objects/translations/no103a.md,no103a,
32029431,104,Brouillon lettre B de V à Rochambeau,"Charles-Antoine Du Houx, Baron de Vioménil ","Jean-Baptiste de Vimeur, Comte de Rochambeau",1781-09-18,,"Annapolis, Maryland; Baltimore, Maryland; Williamsburg, Virginia; Annapolis, Maryland;Armand-Louis Gontaut, duc de Lauzun; 1747-1793;Jacques-Aimé Le Saige de La Villèsbrunne; Williamsburg, Virginia;James River;Potomac River;Benjamin Lincoln; 1733-1810;Armand-Louis Gontaut, duc de Lauzun; 1747-1793; New York ; Baltimore, Maryland","Annapolis, Maryland, USA",38.97787859,-76.48992152,,,,French,,,manifest,https://fromthepage.com/iiif/32029431/manifest,https://fromthepage.com/image-service/32541584/full/pct:30/0/default.jpg,https://fromthepage.com/image-service/32541584/full/pct:10/0/default.jpg,,/objects/transcripts/no104.md,/objects/translations/no104.md,no104,
32030677,104a,Lettre Rochambeau à B de V,"Jean-Baptiste Vimeur, Comte de Rochambeau","Antoine-Charles Du Houx, Baron de Vioménil",1782-12-20,,"Philadelphia, Pennsylvania;Puerto Cabello, Venezuela;The West Indies;Louis-Philippe de Rigaud, marquis de Vaudreuil; 1724-1802;Savannah, Georgia;Charleston, South Carolina;Louis XVI; 1754-1793;Jacques-Aimé Le Saige de La Villèsbrunne;Louis-Philippe de Rigaud, marquis de Vaudreuil; 1724-1802;Jean-Baptiste Donatien de Vimeur de Rochambeau; 1725-1807","Philadelphia, Pennsylvania, USA",39.95446916,-75.1792211,,,,French,,,manifest,https://fromthepage.com/iiif/32030677/manifest,https://fromthepage.com/image-service/32567516/full/pct:30/0/default.jpg,https://fromthepage.com/image-service/32567516/full/pct:10/0/default.jpg,,/objects/transcripts/no104a.md,/objects/translations/no104a.md,no104a,
32029432,105,Questions (à Rochambeau) et réponses - n.d.,"Charles-Antoine Du Houx, Baron de Vioménil ",,,,"Jean-Baptiste Donatien de Vimeur de Rochambeau; 1725-1807; Baltimore, Maryland;Armand-Louis Gontaut, duc de Lauzun; 1747-1793;Benjamin Lincoln; 1733-1810; Baltimore, Maryland;Gilbert du Motier, marquis de Lafayette; 1757-1834; Baltimore, Maryland;Pierre-François de Béville;Jeremiah Wadsworth; 1743-1804;John Barker Church aka John Carter; 1748-1818;James River",,,,,,,French,,,manifest,https://fromthepage.com/iiif/32029432/manifest,https://fromthepage.com/image-service/32541586/full/pct:30/0/default.jpg,https://fromthepage.com/image-service/32541586/full/pct:10/0/default.jpg,,/objects/transcripts/no105.md,/objects/translations/no105.md,no105,
32029433,106,Brouillon lettre B de V à Rochambeau (Head of Elk),"Charles-Antoine Du Houx, Baron de Vioménil ","Jean-Baptiste de Vimeur, Comte de Rochambeau",1781-09-08,,"Head of Elk, Maryland ;François Jean de Beauvoir, marquis de Chastellux; 1734-1788; Baltimore, Maryland;Chesapeake Bay;Antoine Charles du Houx, baron de Vioménil; 1734-1827; Baltimore, Maryland; New York ; Baltimore, Maryland","Head Of Elk, Maryland, USA",39.60686921,-75.832352,,,,French,,,manifest,https://fromthepage.com/iiif/32029433/manifest,https://fromthepage.com/image-service/32541590/full/pct:30/0/default.jpg,https://fromthepage.com/image-service/32541590/full/pct:10/0/default.jpg,,/objects/transcripts/no106.md,/objects/translations/no106.md,no106,
32029439,112,Copie lettre de Washington ,,,1781-09-12,,"George Washington; 1732-1799;Colchester, Virginia; de la Baie ;David Humphreys; 1752-1818;George Washington; 1732-1799",,,,,,,French,,,manifest,https://fromthepage.com/iiif/32029439/manifest,https://fromthepage.com/image-service/32541597/full/pct:30/0/default.jpg,https://fromthepage.com/image-service/32541597/full/pct:10/0/default.jpg,,/objects/transcripts/no112-jpg.md,/objects/translations/no112-jpg.md,no112-jpg,
32029441,113,Reflexion et mémoires B de V à Rochambeau - Plan d'attaque de Yorktown,"Charles-Antoine Du Houx, Baron de Vioménil ","Jean-Baptiste de Vimeur, Comte de Rochambeau",1781-10-10,,"Antoine Charles du Houx, baron de Vioménil; 1734-1827;Jean-Baptiste Donatien de Vimeur de Rochambeau; 1725-1807;Antoine Charles du Houx, baron de Vioménil; 1734-1827;Charles Cornwallis, 1st Marquess Cornwallis; 1738-1805;George Washington; 1732-1799;Charles Cornwallis, 1st Marquess Cornwallis; 1738-1805; Yorktown, Virginia ;Gloucester Point, Virginia ;Charles Cornwallis, 1st Marquess Cornwallis; 1738-1805;Jean-Baptiste Donatien de Vimeur de Rochambeau; 1725-1807;George Washington; 1732-1799; Yorktown, Virginia ;Antoine Charles du Houx, baron de Vioménil; 1734-1827","Yorktown, Virginia, USA",37.23870686,-76.50998627,,,,French,,,manifest,https://fromthepage.com/iiif/32029441/manifest,https://fromthepage.com/image-service/32541598/full/pct:30/0/default.jpg,https://fromthepage.com/image-service/32541598/full/pct:10/0/default.jpg,,/objects/transcripts/no113.md,/objects/translations/no113.md,no113,
32029442,114,Ordre et instruction pour La Fayette ,"Charles-Antoine Du Houx, Baron de Vioménil ","Marie-Joseph Paul Yves Roch Gilbert du Motier de La Fayette, Marquis de La Fayette",1781-10-14,,"Gilbert du Motier, marquis de Lafayette; 1757-1834; Yorktown, Virginia ;Gilbert du Motier, marquis de Lafayette; 1757-1834;Antoine Charles du Houx, baron de Vioménil; 1734-1827;Gilbert du Motier, marquis de Lafayette; 1757-1834;George Washington; 1732-1799;Antoine Charles du Houx, baron de Vioménil; 1734-1827","Yorktown, Virginia, USA",37.23870686,-76.50998627,,,,French,,,manifest,https://fromthepage.com/iiif/32029442/manifest,https://fromthepage.com/image-service/32541600/full/pct:30/0/default.jpg,https://fromthepage.com/image-service/32541600/full/pct:10/0/default.jpg,,/objects/transcripts/no114.md,/objects/translations/no114.md,no114,
32029443,115,Ordre et instruction pour Von Stuben,"Charles-Antoine Du Houx, Baron de Vioménil ",Friedrich Wilhelm Ludolf Gerhard Augustin von Steuben,1781-10-14,,"Friedrich Wilhelm von Steuben; 1730-1794;Gilbert du Motier, marquis de Lafayette; 1757-1834;Friedrich Wilhelm von Steuben; 1730-1794; Yorktown, Virginia ;Antoine Charles du Houx, baron de Vioménil; 1734-1827","Yorktown, Virginia, USA",37.23870686,-76.50998627,,,,French,,,manifest,https://fromthepage.com/iiif/32029443/manifest,https://fromthepage.com/image-service/32541604/full/pct:30/0/default.jpg,https://fromthepage.com/image-service/32541604/full/pct:10/0/default.jpg,,/objects/transcripts/no115-jpg.md,/objects/translations/no115-jpg.md,no115-jpg,
32029448,119,Lettre au duc du Chatelet,"Charles-Antoine Du Houx, Baron de Vioménil ","Louis-Marie-Florent de Lomont d'Haraucourt, marquis later duc du Châtelet",,,"Louis-Marie-Florent, duc Du Châtelet; 1727-1793;Newport, Rhode Island; Boston, Masssachusetts;Charles-Henri-Louis d'Arsac de Ternay; 1723-1780;Robert Boyle-Walsingham; 1736-1780;Mariot Arbuthnot; 1711-1794; New York ;Thomas Graves; 1725-1802;George Rodney; 1718-1792;The West Indies;Jamaica;Jean-Baptiste Donatien de Vimeur de Rochambeau; 1725-1807;Charles-Henri-Louis d'Arsac de Ternay; 1723-1780;George Washington; 1732-1799;Jean-Baptiste Donatien de Vimeur de Rochambeau; 1725-1807;Hudson River;Gilbert du Motier, marquis de Lafayette; 1757-1834;Charleston, South Carolina;George Washington; 1732-1799;Jean-Baptiste Donatien de Vimeur de Rochambeau; 1725-1807;Long Island, New York; New York ;Henry Clinton; 1730-1795",,,,,,,French,,,manifest,https://fromthepage.com/iiif/32029448/manifest,https://fromthepage.com/image-service/32541614/full/pct:30/0/default.jpg,https://fromthepage.com/image-service/32541614/full/pct:10/0/default.jpg,,/objects/transcripts/no119.md,/objects/translations/no119.md,no119,
32029449,120,Lettre au prince de Montbarrey,"Charles-Antoine Du Houx, Baron de Vioménil ","Alexandre Marie Eleonor of Saint-Mauris, count of Montbarrey, then prince of Montbarrey ",,,"Newport, Rhode Island;Brest, France;Charles-Henri-Louis d'Arsac de Ternay; 1723-1780",,,,,,,French,,,manifest,https://fromthepage.com/iiif/32029449/manifest,https://fromthepage.com/image-service/32541619/full/pct:30/0/default.jpg,https://fromthepage.com/image-service/32541619/full/pct:10/0/default.jpg,,/objects/transcripts/no120.md,/objects/translations/no120.md,no120,
32029450,121,Brouillon lettre à x - Organisation défense de Newport,"Charles-Antoine Du Houx, Baron de Vioménil ",,1780-08-01,,"Boston, Masssachusetts;Mariot Arbuthnot; 1711-1794;Thomas Graves; 1725-1802;Henry Clinton; 1730-1795;George Washington; 1732-1799;Henry Clinton; 1730-1795;Newport, Rhode Island; Boston, Masssachusetts;George Washington; 1732-1799; New York ;Henry Clinton; 1730-1795;Gilbert du Motier, marquis de Lafayette; 1757-1834;George Washington; 1732-1799; New York ;Jean-Baptiste Donatien de Vimeur de Rochambeau; 1725-1807;Henry Clinton; 1730-1795;Long Island, New York;Brooklyn, New York;Rhode Island","Newport, Rhode Island, USA",41.49043973,-71.31161922,,,,French,,,manifest,https://fromthepage.com/iiif/32029450/manifest,https://fromthepage.com/image-service/32541621/full/pct:30/0/default.jpg,https://fromthepage.com/image-service/32541621/full/pct:10/0/default.jpg,,/objects/transcripts/no121.md,/objects/translations/no121.md,no121,
32029451,122,Brouillon lettre au duc de Coigny,"Charles-Antoine Du Houx, Baron de Vioménil ","François-Henri de Franquetot de Coigny, duc de Coigny",1780-09-18,,"Newport, Rhode Island;Charles Cornwallis, 1st Marquess Cornwallis; 1738-1805;Horatio Gates; 1727-1806;Camden, South Carolina;South Carolina;Jean-Baptiste Donatien de Vimeur de Rochambeau; 1725-1807;Charles-Henri-Louis d'Arsac de Ternay; 1723-1780;Hartford, Connecticut ;George Washington; 1732-1799; Orangetown, New York;Hudson River;Mariot Arbuthnot; 1711-1794;Henry Clinton; 1730-1795; New York ;Guillaume-Mathieu, comte de Dumas; 1753-1837;Georges-Henri-Victor Collot; 1750-1805;François Louis Arthur Thibaut de Ménonville; 1740-1816;Benoît-Joseph de Tarlé; 1735-1797; Bouchet ;Isidore Lynch; 1755-1841;Claude Blanchard; 1742-1803 ;Louis Dominique Ethis de Corny; 1736-1790;Jacques-Pierre Orillard de Villemanzy; 1751-1830;Nathanael Greene; 1742-1786; Head ;George Washington; 1732-1799;François Jean de Beauvoir, marquis de Chastellux; 1734-1788","Newport, Rhode Island, USA",41.49043973,-71.31161922,,,,French,,,manifest,https://fromthepage.com/iiif/32029451/manifest,https://fromthepage.com/image-service/32541624/full/pct:30/0/default.jpg,https://fromthepage.com/image-service/32541624/full/pct:10/0/default.jpg,,/objects/transcripts/no122.md,/objects/translations/no122.md,no122,
32029452,123,Brouillon lettre au duc de Coigny Brouillon lettre à Gribeauval -Envoi rapport revue ,"Charles-Antoine Du Houx, Baron de Vioménil ","Jean-Baptiste Vaquette de Gribeauval and François-Henri de Franquetot de Coigny, duc de Coigny",1782-01-06,,"Boston, Masssachusetts;Jean-Baptiste Donatien de Vimeur de Rochambeau; 1725-1807;Louis-Philippe de Rigaud, marquis de Vaudreuil; 1724-1802;The West Indies; Baltimore, Maryland;Joseph Dieudonné de Chazelles;Burelet ; Jousserand ; Barthélémy ;Armand-Louis Gontaut, duc de Lauzun; 1747-1793;François Marie d'Aboville; 1730-1817; Nadal ; Laries ;Jean-Baptiste Donatien de Vimeur de Rochambeau; 1725-1807;François Marie d'Aboville; 1730-1817;Burelet ; Bois","Boston, Massachussets, USA",42.36027241,-71.05680734,,,,French,,,manifest,https://fromthepage.com/iiif/32029452/manifest,https://fromthepage.com/image-service/32541628/full/pct:30/0/default.jpg,https://fromthepage.com/image-service/32541628/full/pct:10/0/default.jpg,,/objects/transcripts/no123.md,/objects/translations/no123.md,no123,
32029453,124,Mémoire relatif à l'arrivée du Cte de Grasse,"Charles-Antoine Du Houx, Baron de Vioménil ",,1781-08-01,,"François Joseph Paul de Grasse; 1722-1788;Phillipsburg, New York;Jacques-Melchior de Barras de Saint-Laurent; 1720-1792;Providence, Rhode Island;Newport, Rhode Island;François Joseph Paul de Grasse; 1722-1788; New York ;Jean-Baptiste Donatien de Vimeur de Rochambeau; 1725-1807;François Joseph Paul de Grasse; 1722-1788;George Washington; 1732-1799;Jean-Baptiste Donatien de Vimeur de Rochambeau; 1725-1807;Phillipsburg, New York;Delaware River;George Washington; 1732-1799;François Joseph Paul de Grasse; 1722-1788;Delaware River;Jean-Baptiste Donatien de Vimeur de Rochambeau; 1725-1807;Chesapeake Bay;Charleston, South Carolina;George Washington; 1732-1799;Pierre-François de Béville;Delaware River; Trenton, New Jersey;Philadelphia, Pennsylvania;Chester, Pennsylvania;François Joseph Paul de Grasse; 1722-1788;Charles Cornwallis, 1st Marquess Cornwallis; 1738-1805;Charleston, South Carolina;Portsmouth, Virginia;Chesapeake Bay; New York ;Charleston, South Carolina;Virginia;Charleston, South Carolina;Savannah, Georgia;François Joseph Paul de Grasse; 1722-1788; New York ;Sandy Hook, New Jersey;Long Island, New York;Kingsbridge, New York;Staten Island, New York; New York ;Hudson River;François Joseph Paul de Grasse; 1722-1788; New York",,,,,,,French,,,manifest,https://fromthepage.com/iiif/32029453/manifest,https://fromthepage.com/image-service/32541630/full/pct:30/0/default.jpg,https://fromthepage.com/image-service/32541630/full/pct:10/0/default.jpg,,/objects/transcripts/no124.md,/objects/translations/no124.md,no124,
32029454,125,Mémoire relatif à l'arrivée du Cte de Grasse Brouillon lettre au duc du Chatelet ,"Charles-Antoine Du Houx, Baron de Vioménil ","Louis-Marie-Florent de Lomont d'Haraucourt, marquis later duc du Châtelet",1781-08-15,,"Phillipsburg, New York;Newport, Rhode Island;Hudson River;Newport, Rhode Island;François Joseph Paul de Grasse; 1722-1788;Saint-Domingue;François Joseph Paul de Grasse; 1722-1788; New York ;Phillipsburg, New York; New York ;Virginia;The Carolinas;Georgia;François Joseph Paul de Grasse; 1722-1788;Hudson River;François Joseph Paul de Grasse; 1722-1788;Jacques-Melchior de Barras de Saint-Laurent; 1720-1792;François Joseph Paul de Grasse; 1722-1788;Chesapeake Bay;Jacques-Melchior de Barras de Saint-Laurent; 1720-1792;Charles Cornwallis, 1st Marquess Cornwallis; 1738-1805;Head of Elk, Maryland","Philipsburg Encampment, New York, USA",41.01962571,-73.81775303,,,,French,,,manifest,https://fromthepage.com/iiif/32029454/manifest,https://fromthepage.com/image-service/32541634/full/pct:30/0/default.jpg,https://fromthepage.com/image-service/32541634/full/pct:10/0/default.jpg,,/objects/transcripts/no125.md,/objects/translations/no125.md,no125,
32029455,126,Brouillon lettre au prince de Condé,"Charles-Antoine Du Houx, Baron de Vioménil ","Louis Joseph, Prince of Condé",1781-09-05,,"Philadelphia, Pennsylvania;North Castle, New York;Crompond, New York;King’s Ferry, New York ;Hudson River;Suffern’s Tavern;Pompton, New Jersey;Wippany, New Jersey;Bullion's Tavern;Somerset Court House, New Jersey;Princeton, New Jersey; Trenton, New Jersey;Delaware River;Red Lion Tavern ;Philadelphia, Pennsylvania;Chester, Pennsylvania; Wilmington, Delaware ;Head of Elk, Maryland ;François Joseph Paul de Grasse; 1722-1788;Chesapeake Bay;Ann-César de la Luzerne; 1741-1791;François Joseph Paul de Grasse; 1722-1788;James River;Gilbert du Motier, marquis de Lafayette; 1757-1834;Charles Cornwallis, 1st Marquess Cornwallis; 1738-1805; Yorktown, Virginia ;Gilbert du Motier, marquis de Lafayette; 1757-1834;Charleston, South Carolina;Head of Elk, Maryland ;Chesapeake Bay;François Joseph Paul de Grasse; 1722-1788;George Washington; 1732-1799;Jean-Baptiste Donatien de Vimeur de Rochambeau; 1725-1807;Charles Cornwallis, 1st Marquess Cornwallis; 1738-1805;Virginia;The Carolinas;William Heath; 1737-1814;Hudson River;West Point, New York;Henry Clinton; 1730-1795; New York ;Connecticut;New Jersey;Virginia;Samuel Hood; 1724-1816;Thomas Graves; 1725-1802;Sandy Hook, New Jersey;Charleston, South Carolina;Charles Cornwallis, 1st Marquess Cornwallis; 1738-1805;François Joseph Paul de Grasse; 1722-1788;Charles Cornwallis, 1st Marquess Cornwallis; 1738-1805;Virginia;Charleston, South Carolina;François Joseph Paul de Grasse; 1722-1788;Jacques-Melchior de Barras de Saint-Laurent; 1720-1792;Newport, Rhode Island;Chesapeake Bay;François Joseph Paul de Grasse; 1722-1788;Ann-César de la Luzerne; 1741-1791","Philadelphia, Pennsylvania, USA",39.95446916,-75.1792211,,,,French,,,manifest,https://fromthepage.com/iiif/32029455/manifest,https://fromthepage.com/image-service/32541637/full/pct:30/0/default.jpg,https://fromthepage.com/image-service/32541637/full/pct:10/0/default.jpg,,/objects/transcripts/no126.md,/objects/translations/no126.md,no126,
32029456,127,A traiter avec l'intendant,"Charles-Antoine Du Houx, Baron de Vioménil ",,1781-09-18,,"Annapolis, Maryland;Pierre-François de Béville; Williamsburg, Virginia;François Joseph Paul de Grasse; 1722-1788;Virginia;Jeremiah Wadsworth; 1743-1804; Dauré ;Alexandria, Virginia",,,,,,,French,,,manifest,https://fromthepage.com/iiif/32029456/manifest,https://fromthepage.com/image-service/32541640/full/pct:30/0/default.jpg,https://fromthepage.com/image-service/32541640/full/pct:10/0/default.jpg,,/objects/transcripts/no127.md,/objects/translations/no127.md,no127,
32029457,128,Brouillon lettre au prince de Condé - Désertion d'Arnold,"Charles-Antoine Du Houx, Baron de Vioménil ","Louis Joseph, Prince of Condé",,,"Louis Joseph, Prince of Condé; 1736-1818;Luc Urbain du Bouëxic de Guichen; 1712-1790;George Rodney; 1718-1792; New York ;Mariot Arbuthnot; 1711-1794;Rhode Island;Newport, Rhode Island;Charles-Henri-Louis d'Arsac de Ternay; 1723-1780;Jean-Baptiste Donatien de Vimeur de Rochambeau; 1725-1807;Sandy Hook, New Jersey; New York",,,,,,,French,,,manifest,https://fromthepage.com/iiif/32029457/manifest,https://fromthepage.com/image-service/32541644/full/pct:30/0/default.jpg,https://fromthepage.com/image-service/32541644/full/pct:10/0/default.jpg,,/objects/transcripts/no128.md,/objects/translations/no128.md,no128,
32029458,132,Lettre de Barras à Baron de Vioménil ,"Jacques-Melchior Saint-Laurent, Comte de Barras","Antoine-Charles Du Houx, Baron de Vioménil",,,"Boston, Masssachusetts;Jacques-Melchior de Barras de Saint-Laurent; 1720-1792;Antoine Charles du Houx, baron de Vioménil; 1734-1827;Newport, Rhode Island",,,,,,,French,,,manifest,https://fromthepage.com/iiif/32029458/manifest,https://fromthepage.com/image-service/32541647/full/pct:30/0/default.jpg,https://fromthepage.com/image-service/32541647/full/pct:10/0/default.jpg,,/objects/transcripts/no132.md,/objects/translations/no132.md,no132,
32030679,132a,Ordre de retour en France ,"Louis Auguste de France, King Lous XVI","Antoine-Charles Du Houx, Baron de Vioménil",1783-02-24,,"Louis XVI; 1754-1793;Antoine Charles du Houx, baron de Vioménil; 1734-1827;Versailles, France;Louis XVI; 1754-1793","Versailles, Versailles, France",48.80759347,2.100656424,,,,French,,,manifest,https://fromthepage.com/iiif/32030679/manifest,https://fromthepage.com/image-service/32567523/full/pct:30/0/default.jpg,https://fromthepage.com/image-service/32567523/full/pct:10/0/default.jpg,,/objects/transcripts/no132a-jpg.md,/objects/translations/no132a-jpg.md,no132a-jpg,
32031972,134,Brouillon lettre au Mis de Castries - compliment pour nomination et CR combat du 16 mars ,"Charles-Antoine Du Houx, Baron de Vioménil ","Charles Eugène Gabriel de La Croix, marquis de Castries",1781-03-04,,"Newport, Rhode Island;Charles René Dominique Sochet Destouches; 1727-1793;Antoine Charles du Houx, baron de Vioménil; 1734-1827; de la Grandière ;Jean Isaac Chadeau de la Clocheterie; 1741-1782;Charles de Bernard de Marigny; 1740-1816;Charles René Magon de Médine; 1763-1805;Guillaume-Jacques-Constant de Liberge de Granchain; 1744-1805;Hippolyte Louis Antoine de Capellis; 1744-1813;Newport, Rhode Island;Virginia;Gilbert du Motier, marquis de Lafayette; 1757-1834;Benedict Arnold; 1740-1801;Anne-Alexandre-Marie de Montmorency-Laval, marquis de Laval; 1747-1817;Louis-Marie de Noailles; 1756-1804;Charles César de Damas d'Antigny; 1758-1829;Dominique Sheldon; 1760-1802;Jean-Fréderic de Chabannes; 1762-1836 ;Charles Malo François de Lameth; 1757-1832","Newport, Rhode Island, USA",41.49043973,-71.31161922,,,,French,,,manifest,https://fromthepage.com/iiif/32031972/manifest,https://fromthepage.com/image-service/32573037/full/pct:30/0/default.jpg,https://fromthepage.com/image-service/32573037/full/pct:10/0/default.jpg,,/objects/transcripts/no134.md,/objects/translations/no134.md,no134,
32029459,135,Lettre du Mis de Castries,"Charles Eugène Gabriel de La Croix, marquis de Castries","Antoine-Charles Du Houx, Baron de Vioménil",1781-07-15,,"Versailles, France;Charles René Dominique Sochet Destouches; 1727-1793;Chesapeake Bay;Benedict Arnold; 1740-1801;François Joseph Paul de Grasse; 1722-1788;Charles Eugène Gabriel de La Croix, marquis de Castries; 1727-1801","Versailles, Versailles, France",48.80759347,2.100656424,,,,French,,,manifest,https://fromthepage.com/iiif/32029459/manifest,https://fromthepage.com/image-service/32541650/full/pct:30/0/default.jpg,https://fromthepage.com/image-service/32541650/full/pct:10/0/default.jpg,,/objects/transcripts/no135.md,/objects/translations/no135.md,no135,
32031974,137,Lettre de M de Veimerange,Gabriel-Claude Palteau de Veimerange,"Antoine-Charles Du Houx, Baron de Vioménil",1781-10-06,,"Paris, France; Rohant ; Sérilly ; Pange ;Philippe Henri, marquis de Ségur; 1724-1801;Jean-Baptiste Donatien de Vimeur de Rochambeau; 1725-1807;Benoît-Joseph de Tarlé; 1735-1797;Claude Blanchard; 1742-1803 ;Alexandre Marie Léonor de Saint-Mauris de Montbarrey, prince of Montbarrey; 1732-1796;François Joseph Paul de Grasse; 1722-1788; New York ;Brest, France;Charles Eugène Gabriel de La Croix, marquis de Castries; 1727-1801;Philippe Henri, marquis de Ségur; 1724-1801;François Joseph Paul de Grasse; 1722-1788;Benoît-Joseph de Tarlé; 1735-1797; Gabrielle Marguerite de Bourdon; 1737-1804;Dijon, France; Dombal ;Claude Blanchard; 1742-1803","Paris, Ile de France, France",48.85675965,2.351837923,,,,French,,,manifest,https://fromthepage.com/iiif/32031974/manifest,https://fromthepage.com/image-service/32573042/full/pct:30/0/default.jpg,https://fromthepage.com/image-service/32573042/full/pct:10/0/default.jpg,,/objects/transcripts/no137.md,/objects/translations/no137.md,no137,
32031976,138,"Lettre de M. de Veimeranges, Intendant",Gabriel-Claude Palteau de Veimerange,"Antoine-Charles Du Houx, Baron de Vioménil",1781-05-19,,"Paris, France;Newport, Rhode Island;Victor François de Broglie, 2nd Duke of Broglie; 1718-1804;Jacques Necker; 1732-1804;Philippe Henri, marquis de Ségur; 1724-1801; Sérilly ; Chanet ;John Laurens; 1752-1782; Gabrielle Marguerite de Bourdon; 1737-1804; Mr de Charrin;Philippe Henri, marquis de Ségur; 1724-1801;Jacques Necker; 1732-1804;John Laurens; 1752-1782;Charles Gravier de Vergennes; 1719-1787; Sr Holker ;Gabriel-Claude Palteau de Veimerange; 1738-1794","Paris, Ile de France, France",48.85675965,2.351837923,,,,French,,,manifest,https://fromthepage.com/iiif/32031976/manifest,https://fromthepage.com/image-service/32573050/full/pct:30/0/default.jpg,https://fromthepage.com/image-service/32573050/full/pct:10/0/default.jpg,,/objects/transcripts/no138.md,/objects/translations/no138.md,no138,
32031979,140,Lettre de x - Considérations sur situation,,"Antoine-Charles Du Houx, Baron de Vioménil",1781-02-04,,"Frascati, Italy;Paris, France;Louis Dominique Ethis de Corny; 1736-1790;Anne-Alexandre-Marie de Montmorency-Laval, marquis de Laval; 1747-1817;Jean-Baptiste Donatien de Vimeur de Rochambeau; 1725-1807;Versailles, France;Gibraltar;Frederick North, Lord North; 1732-1792;François Jean de Beauvoir, marquis de Chastellux; 1734-1788;Anne-Alexandre-Marie de Montmorency-Laval, marquis de Laval; 1747-1817","Frescati, Lazia, Italy",41.80817346,12.67526023,,,,French,,,manifest,https://fromthepage.com/iiif/32031979/manifest,https://fromthepage.com/image-service/32573055/full/pct:30/0/default.jpg,https://fromthepage.com/image-service/32573055/full/pct:10/0/default.jpg,,/objects/transcripts/no140.md,/objects/translations/no140.md,no140,
32031980,141,Lettre de x - Considérations sur situation ,,"Antoine-Charles Du Houx, Baron de Vioménil",1781-09-30,,"Frascati, Italy;Jean-Baptiste Donatien de Vimeur de Rochambeau; 1725-1807; Lévis ;Anne-Alexandre-Marie de Montmorency-Laval, marquis de Laval; 1747-1817;George Washington; 1732-1799; New York ;François Joseph Paul de Grasse; 1722-1788;George Rodney; 1718-1792;Charles-Léonard de Baylenx, marquis de Poyanne; 1718-1781;Vendôme, France;Paris, France; de Chabrillant ;Pierre Victor de Besenval de Brünstatt; 1721-1791;Charles-Léonard de Baylenx, marquis de Poyanne; 1718-1781;Charles François de Broglie; 1719-1781; de Vaux ;Casimir Pignatelli d'Egmont; 1727-1801;René Jean Mans de la Tour du Pin, marquis de la Charce; 1750-1781; de St Julien ;François Charles de Rochechouart, comte de Rochechouart; 1703-1784;Louis Philippe de Ségur; 1753-1830;Courteilles, France;Ancenis, France; de Dreux ; Gabrielle Marguerite de Bourdon; 1737-1804;Claude Bernard Loppin de Montmort; 1752-1831","Frescati, Lazia, Italy",41.80817346,12.67526023,,,,French,,,manifest,https://fromthepage.com/iiif/32031980/manifest,https://fromthepage.com/image-service/32573059/full/pct:30/0/default.jpg,https://fromthepage.com/image-service/32573059/full/pct:10/0/default.jpg,,/objects/transcripts/no141.md,/objects/translations/no141.md,no141,
32031998,145,Copie lettre du comte de Custine à Ségur sur conduite M. de la Chesnaye,"Adam Philippe, Comte de Custine","Philippe Henri, Marquis de Ségur",1781-05-29,,"Philippe Henri, marquis de Ségur; 1724-1801;Adam Philippe, Comte de Custine; 1740-1793;Newport, Rhode Island;Claude-François de la Chesnaye; de la Valette ;Armand-Charles-Augustin de La Croix, comte de Charlus; 1756-1842; de la Valette ;Claude-François de la Chesnaye;Jean-Baptiste Donatien de Vimeur de Rochambeau; 1725-1807","Newport, Rhode Island, USA",41.49043973,-71.31161922,,,,French,,,manifest,https://fromthepage.com/iiif/32031998/manifest,https://fromthepage.com/image-service/32573124/full/pct:30/0/default.jpg,https://fromthepage.com/image-service/32573124/full/pct:10/0/default.jpg,,/objects/transcripts/no145.md,/objects/translations/no145.md,no145,
32032000,146,Lettre de Ségur - Nomination B de V gouverneur La Rochelle,"Philippe Henri, Marquis de Ségur","Antoine-Charles Du Houx, Baron de Vioménil",1781-12-05,,"Versailles, France;Louis XVI; 1754-1793;Chesapeake Bay;Louis-François-Joseph de Montmorency-Logny, prince de Montmorency;Philippe Henri, marquis de Ségur; 1724-1801","Versailles, Versailles, France",48.80759347,2.100656424,,,,French,,,manifest,https://fromthepage.com/iiif/32032000/manifest,https://fromthepage.com/image-service/32573258/full/pct:30/0/default.jpg,https://fromthepage.com/image-service/32573258/full/pct:10/0/default.jpg,,/objects/transcripts/no146.md,/objects/translations/no146.md,no146,
32030107,152,Brouillon B de V à Vaudreuil - Enquête sur perte de la Bourgogne,"Charles-Antoine Du Houx, Baron de Vioménil ","Joseph Hyacinthe François de Paule de Rigaud, comte de Vaudreuil",1783-02-21,,"Puerto Cabello, Venezuela;Pierre Joseph François Samson de Champmartin; de Bressolles ;Pierre Joseph François Samson de Champmartin; de Bressolles ;Pierre Joseph François Samson de Champmartin; de Bressolles","Porto Cabello, Carabobo, Venezuela",10.46941031,-68.0291029,,,,French,,,manifest,https://fromthepage.com/iiif/32030107/manifest,https://fromthepage.com/image-service/32547384/full/pct:30/0/default.jpg,https://fromthepage.com/image-service/32547384/full/pct:10/0/default.jpg,,/objects/transcripts/no152.md,/objects/translations/no152.md,no152,
32030117,154,Brouillon lettre B de V au Mis de Ségur - Arrivée de l'armée en Amérique du sud ,"Charles-Antoine Du Houx, Baron de Vioménil ","Philippe Henri, Marquis de Ségur",1783-02-19,,"Charles Eugène Gabriel de La Croix, marquis de Castries; 1727-1801; Boston, Masssachusetts;Jean-Baptiste Donatien de Vimeur de Rochambeau; 1725-1807;François Claude Amour, Marquis de Bouillé; 1739-1800;Guillaume Léonard de Bellecombe; 1728-1792;Charles Eugène Gabriel de La Croix, marquis de Castries; 1727-1801","Aboard the vessel ""Triomphant""",,,,,,French,,,manifest,https://fromthepage.com/iiif/32030117/manifest,https://fromthepage.com/image-service/32547497/full/pct:30/0/default.jpg,https://fromthepage.com/image-service/32547497/full/pct:10/0/default.jpg,,/objects/transcripts/no154-jpg.md,/objects/translations/no154-jpg.md,no154-jpg,
32032027,155,Brouillon lettre B de V à Mis de Castries - Arrivée armée en Amérique du sud - Perte de la Bourgogne,"Charles-Antoine Du Houx, Baron de Vioménil ","Charles Eugène Gabriel de La Croix, marquis de Castries",1783-02-19,,"Louis-Philippe de Rigaud, marquis de Vaudreuil; 1724-1802;Curaçao; Boston, Masssachusetts;Jean-Baptiste Donatien de Vimeur de Rochambeau; 1725-1807; Boston, Masssachusetts;Philippe Henri, marquis de Ségur; 1724-1801;Portsmouth, New Hampshire;Jean-Baptiste Donatien de Vimeur de Rochambeau; 1725-1807;The West Indies;Philippe Henri, marquis de Ségur; 1724-1801; Boston, Masssachusetts;Louis-Philippe de Rigaud, marquis de Vaudreuil; 1724-1802;Bernardo de Gálvez; 1746-1786;François Claude Amour, Marquis de Bouillé; 1739-1800;Guillaume Léonard de Bellecombe; 1728-1792;Bernardo de Gálvez; 1746-1786;Louis-Philippe de Rigaud, marquis de Vaudreuil; 1724-1802;François Claude Amour, Marquis de Bouillé; 1739-1800; Boston, Masssachusetts;Puerto Plata, Dominican Republic;d’Espeyron;Guillaume Léonard de Bellecombe; 1728-1792;Saint-Domingue;Louis-Philippe de Rigaud, marquis de Vaudreuil; 1724-1802;Puerto Plata, Dominican Republic;José Solano y Bote; 1726-1806;Bernardo de Gálvez; 1746-1786;Guillaume Léonard de Bellecombe; 1728-1792;Saint-Domingue;Louis-Philippe de Rigaud, marquis de Vaudreuil; 1724-1802;Pierre Joseph François Samson de Champmartin;Louis-Philippe de Rigaud, marquis de Vaudreuil; 1724-1802; Boston, Masssachusetts;Providence, Rhode Island;Jean-Baptiste Donatien de Vimeur de Rochambeau; 1725-1807; de Trogoff ;de Mérindol;de la Faige","Aboard the vessel ""Triomphant""",,,,,,French,,,manifest,https://fromthepage.com/iiif/32032027/manifest,https://fromthepage.com/image-service/32573584/full/pct:30/0/default.jpg,https://fromthepage.com/image-service/32573584/full/pct:10/0/default.jpg,,/objects/transcripts/no155.md,/objects/translations/no155.md,no155,
32032028,156,"Brouillon lettre B de V au Mis de Bouillé, gouverneur général des Iles sous le vent","Charles-Antoine Du Houx, Baron de Vioménil ","François Claude Amour du Chariol, marquis de Bouillé",1783-02-13,,"Jean-Baptiste Donatien de Vimeur de Rochambeau; 1725-1807;Providence, Rhode Island;Armand-Louis Gontaut, duc de Lauzun; 1747-1793;Louis-Philippe de Rigaud, marquis de Vaudreuil; 1724-1802;José Solano y Bote; 1726-1806;Saint-Domingue;Bernardo de Gálvez; 1746-1786;Guillaume Léonard de Bellecombe; 1728-1792;Louis-Philippe de Rigaud, marquis de Vaudreuil; 1724-1802;Curaçao; Boston, Masssachusetts;Bernardo de Gálvez; 1746-1786;Guillaume Léonard de Bellecombe; 1728-1792;Bernardo de Gálvez; 1746-1786;Louis-Philippe de Rigaud, marquis de Vaudreuil; 1724-1802;Jean-Baptiste Donatien de Vimeur de Rochambeau; 1725-1807;Philippe Henri, marquis de Ségur; 1724-1801;Portsmouth, New Hampshire; Boston, Masssachusetts;Jean-Baptiste Donatien de Vimeur de Rochambeau; 1725-1807;Bernardo de Gálvez; 1746-1786;Guillaume Léonard de Bellecombe; 1728-1792; Boston, Masssachusetts;Puerto Plata, Dominican Republic;d’Espeyron;Guillaume Léonard de Bellecombe; 1728-1792;Louis-Philippe de Rigaud, marquis de Vaudreuil; 1724-1802;Puerto Plata, Dominican Republic;Louis-Philippe de Rigaud, marquis de Vaudreuil; 1724-1802","Aboard the vessel ""Triomphant""",,,,,,French,,,manifest,https://fromthepage.com/iiif/32032028/manifest,https://fromthepage.com/image-service/32573590/full/pct:30/0/default.jpg,https://fromthepage.com/image-service/32573590/full/pct:10/0/default.jpg,,/objects/transcripts/no156.md,/objects/translations/no156.md,no156,
32032029,157,"Brouillon lettre B de V à M de Bellecombe, gouverneur de St Domingue","Charles-Antoine Du Houx, Baron de Vioménil ",Guillaume Léonard de Bellecombe,1783-02-13,,"Jean-Baptiste Donatien de Vimeur de Rochambeau; 1725-1807;Providence, Rhode Island;Armand-Louis Gontaut, duc de Lauzun; 1747-1793;Louis-Philippe de Rigaud, marquis de Vaudreuil; 1724-1802;José Solano y Bote; 1726-1806;Saint-Domingue;Bernardo de Gálvez; 1746-1786;Louis-Philippe de Rigaud, marquis de Vaudreuil; 1724-1802;Curaçao; Boston, Masssachusetts;Bernardo de Gálvez; 1746-1786;François Claude Amour, Marquis de Bouillé; 1739-1800;Louis XVI; 1754-1793;Providence, Rhode Island;Puerto Plata, Dominican Republic;d’Espeyron;Louis-Philippe de Rigaud, marquis de Vaudreuil; 1724-1802;Puerto Plata, Dominican Republic;Antoine Charles du Houx, baron de Vioménil; 1734-1827;Louis-Philippe de Rigaud, marquis de Vaudreuil; 1724-1802;François Claude Amour, Marquis de Bouillé; 1739-1800;Bernardo de Gálvez; 1746-1786;Louis-Philippe de Rigaud, marquis de Vaudreuil; 1724-1802;Bernardo de Gálvez; 1746-1786","Aboard the vessel ""Triomphant""",,,,,,French,,,manifest,https://fromthepage.com/iiif/32032029/manifest,https://fromthepage.com/image-service/32573594/full/pct:30/0/default.jpg,https://fromthepage.com/image-service/32573594/full/pct:10/0/default.jpg,,/objects/transcripts/no157.md,/objects/translations/no157.md,no157,
32032030,158,Brouillon lettre B de V à la princesse de Gueménée,"Charles-Antoine Du Houx, Baron de Vioménil ",Princesse de Gueménée,1781-07-08,,"Phillipsburg, New York;George Washington; 1732-1799; New York ;François Joseph Paul de Grasse; 1722-1788; New York ;Charles Gravier de Vergennes; 1719-1787;Jean-Baptiste Donatien de Vimeur de Rochambeau; 1725-1807; New York ;Armand-Louis Gontaut, duc de Lauzun; 1747-1793;George Washington; 1732-1799;Benjamin Lincoln; 1733-1810;Armand-Louis Gontaut, duc de Lauzun; 1747-1793;George Washington; 1732-1799;Jean-Baptiste Donatien de Vimeur de Rochambeau; 1725-1807;Robert-Guillaume de Dillon; 1754-1839;Dominique Sheldon; 1760-1802","Philipsburg Encampment, New York, USA",41.01962571,-73.81775303,,,,French,,,manifest,https://fromthepage.com/iiif/32032030/manifest,https://fromthepage.com/image-service/32573598/full/pct:30/0/default.jpg,https://fromthepage.com/image-service/32573598/full/pct:10/0/default.jpg,,/objects/transcripts/no158.md,/objects/translations/no158.md,no158,
32032031,159,Brouillon lettres B de V au Mis de Castries (identique à n° 134) et à Mme Dillon,"Charles-Antoine Du Houx, Baron de Vioménil ","Charles Eugène Gabriel de La Croix, marquis de Castries",1781-04-13,,Madame Dillon ;Dominique Sheldon; 1760-1802;Jean-Baptiste Donatien de Vimeur de Rochambeau; 1725-1807;Virginia;Chesapeake Bay;Mariot Arbuthnot; 1711-1794;Virginia;Dominique Sheldon; 1760-1802;Charles de Bernard de Marigny; 1740-1816;Dominique Sheldon; 1760-1802;Arthur Richard Dillon; 1721-1806,"Newport, Rhode Island, USA",41.49043973,-71.31161922,,,,French,,,manifest,https://fromthepage.com/iiif/32032031/manifest,https://fromthepage.com/image-service/32573600/full/pct:30/0/default.jpg,https://fromthepage.com/image-service/32573600/full/pct:10/0/default.jpg,,/objects/transcripts/no159.md,/objects/translations/no159.md,no159,
32030128,160,Journal de ce qui s'est passé depuis l'arrivée du corps françis au camp de Philippsburg,"Charles-Antoine Du Houx, Baron de Vioménil ",,1781-07-31,,"Phillipsburg, New York;Hudson River;Tarrytown, New York;Bernard de Neurisse;Jean-Phillipe de Verton;George Washington; 1732-1799;Jean-Baptiste Donatien de Vimeur de Rochambeau; 1725-1807; Yorktown, Virginia ;Hudson River;François Jean de Beauvoir, marquis de Chastellux; 1734-1788;Kingsbridge, New York;Armand-Louis Gontaut, duc de Lauzun; 1747-1793;Hudson River;Long Island Sound;Morisiana, New York;Throgs Neck, New York;George Washington; 1732-1799;Jean-Baptiste Donatien de Vimeur de Rochambeau; 1725-1807;Pierre-François de Béville; New York ;Harlem River;Morisiana, New York;Horseneck, Connecticut;Long Island Sound;Morisiana, New York;George Washington; 1732-1799;Jacques Anne Joseph Le Prestre, marquis de Vauban; 1754-1816;Charles César de Damas d'Antigny; 1758-1829;Louis-Alexandre Berthier; 1753-1815;Ludwig von Closen-Haydenburg; 1752-1830;Louis-François-Bertrand du Point d'Aubevoye de Lauberdière; 1759-1837;Jean-Baptiste Donatien de Vimeur de Rochambeau; 1725-1807;Charles César de Damas d'Antigny; 1758-1829;Anne-Alexandre-Marie de Montmorency-Laval, marquis de Laval; 1747-1817;Christian, marquis de Deux-Ponts; 1752-1817;Donatien-Marie-Joseph de Vimeur de Rochambeau; 1755-1813;Armand-Charles-Augustin de La Croix, comte de Charlus; 1756-1842;Armand-Louis Gontaut, duc de Lauzun; 1747-1793",,,,,,,French,,,manifest,https://fromthepage.com/iiif/32030128/manifest,https://fromthepage.com/image-service/32547624/full/pct:30/0/default.jpg,https://fromthepage.com/image-service/32547624/full/pct:10/0/default.jpg,,/objects/transcripts/no160.md,/objects/translations/no160.md,no160,
32030130,161,Brouillon lettre B de V au duc du Chatelet -,"Charles-Antoine Du Houx, Baron de Vioménil ",Louis Marie Florent du Châtelet,1781-07-30,,"Phillipsburg, New York;George Washington; 1732-1799;Jean-Baptiste Donatien de Vimeur de Rochambeau; 1725-1807;Newport, Rhode Island; Boston, Masssachusetts;Providence, Rhode Island;Hudson River;George Washington; 1732-1799;Waterman Tavern ;Plainfield, Connecticut;Windham, Connecticut;Bolton, Connecticut;Hartford, Connecticut ;Farmington, Connecticut;Waterbury, Connecticut;Breakneck Hill, Connecticut;Newtown, Connecticut ;Ridgebury, Connecticut; Bedford, New York;North Castle, New York;George Washington; 1732-1799;Hartford, Connecticut ;Hudson River;Peekskill, New York;Fort Washington ;Kingsbridge, New York; New York ;Harlem River;Benjamin Lincoln; 1733-1810;Peekskill, New York;Kingsbridge, New York;Fort Washington ;Armand-Louis Gontaut, duc de Lauzun; 1747-1793;George Washington; 1732-1799;Oliver De Lancey; 1718-1785;Morisiana, New York;Elisha Sheldon; 1740-1805;Armand-Louis Gontaut, duc de Lauzun; 1747-1793;North Castle, New York;Benjamin Lincoln; 1733-1810;Kingsbridge, New York;Fort Washington ;George Washington; 1732-1799;Armand-Louis Gontaut, duc de Lauzun; 1747-1793;Oliver De Lancey; 1718-1785;Morisiana, New York;Benjamin Lincoln; 1733-1810;George Washington; 1732-1799;Phillipsburg, New York;North Castle, New York;Tarrytown, New York;Dobbs Ferry, New York;Hudson River;Tarrytown, New York;George Washington; 1732-1799;Jean-Baptiste Donatien de Vimeur de Rochambeau; 1725-1807;Kingsbridge, New York; New York ;Harlem River;Kingsbridge, New York;Morisiana, New York;Horseneck, Connecticut;Long Island Sound;Armand-Louis Gontaut, duc de Lauzun; 1747-1793;Morisiana, New York;George Washington; 1732-1799;Harlem River;Jacques Anne Joseph Le Prestre, marquis de Vauban; 1754-1816;Charles César de Damas d'Antigny; 1758-1829;Ludwig von Closen-Haydenburg; 1752-1830;Louis-François-Bertrand du Point d'Aubevoye de Lauberdière; 1759-1837;Louis-Alexandre Berthier; 1753-1815;Jean-Baptiste Donatien de Vimeur de Rochambeau; 1725-1807;Charles César de Damas d'Antigny; 1758-1829;Kingsbridge, New York;Phillipsburg, New York;François Jean de Beauvoir, marquis de Chastellux; 1734-1788;Christian, marquis de Deux-Ponts; 1752-1817;Armand-Charles-Augustin de La Croix, comte de Charlus; 1756-1842;Jean-Baptiste Donatien de Vimeur de Rochambeau; 1725-1807;Christian, marquis de Deux-Ponts; 1752-1817;Anne-Alexandre-Marie de Montmorency-Laval, marquis de Laval; 1747-1817;François Joseph Paul de Grasse; 1722-1788; New York ;Henry Clinton; 1730-1795;The Carolinas;Virginia; Williamsburg, Virginia;Gilbert du Motier, marquis de Lafayette; 1757-1834;Nathanael Greene; 1742-1786;Augusta, Georgia;Ninety Six, South Carolina;Camden, South Carolina;The Carolinas;Virginia;Thomas Graves; 1725-1802;Jacques-Melchior de Barras de Saint-Laurent; 1720-1792;Newport, Rhode Island;François Joseph Paul de Grasse; 1722-1788;Jean-Baptiste Donatien de Vimeur de Rochambeau; 1725-1807;Claude-Gabriel, marquis de Choisy; 1723-1800;Hudson River;Kingsbridge, New York;New Rochelle, New York","Philipsburg Encampment, New York, USA",41.01962571,-73.81775303,,,,French,,,manifest,https://fromthepage.com/iiif/32030130/manifest,https://fromthepage.com/image-service/32547634/full/pct:30/0/default.jpg,https://fromthepage.com/image-service/32547634/full/pct:10/0/default.jpg,,/objects/transcripts/no161.md,/objects/translations/no161.md,no161,
32030132,162,Brouillon lettre B de V au duc du Chatelet,"Charles-Antoine Du Houx, Baron de Vioménil ",Louis Marie Florent du Châtelet,1781-05-12,,"Newport, Rhode Island;Jean-Baptiste Donatien de Vimeur de Rochambeau; 1725-1807; Louis-Marie-Florent, duc Du Châtelet; 1727-1793;Aglé Andreault de Langeron; 1759-1827;Louis XVI; 1754-1793;Charles Henri d'Estaing; 1729-1794;Cadiz, Spain;Gibraltar;Pensacola, Florida;Charles Henri d'Estaing; 1729-1794;Brest, France;François Joseph Paul de Grasse; 1722-1788;English Channel; New York ;Charles Gravier de Vergennes; 1719-1787;George Washington; 1732-1799;Hudson River; New York ;Henry Clinton; 1730-1795;Virginia;George Washington; 1732-1799;Jean-Baptiste Donatien de Vimeur de Rochambeau; 1725-1807; New York ;Henry Clinton; 1730-1795;François Joseph Paul de Grasse; 1722-1788; New York ;Charles Cornwallis, 1st Marquess Cornwallis; 1738-1805;Virginia;Gilbert du Motier, marquis de Lafayette; 1757-1834;Nathanael Greene; 1742-1786;The Carolinas;Jean-Baptiste Donatien de Vimeur de Rochambeau; 1725-1807;Diane-Adélaïde de Rochechouart, duchesse du Châtelet; 1723-1794;Diane-Adélaïde de Damas d'Antigny, comtess de Simiane; 1761-1835","Newport, Rhode Island, USA",41.49043973,-71.31161922,,,,French,,,manifest,https://fromthepage.com/iiif/32030132/manifest,https://fromthepage.com/image-service/32547648/full/pct:30/0/default.jpg,https://fromthepage.com/image-service/32547648/full/pct:10/0/default.jpg,,/objects/transcripts/no162.md,/objects/translations/no162.md,no162,
32030134,163,Brouillon lettre B de V au duc du Chatelet,"Charles-Antoine Du Houx, Baron de Vioménil ",Louis Marie Florent du Châtelet,1781-03-01,,"Newport, Rhode Island;Jean-Baptiste Donatien de Vimeur de Rochambeau; 1725-1807;Charles René Dominique Sochet Destouches; 1727-1793;Chesapeake Bay;James River;Gilbert du Motier, marquis de Lafayette; 1757-1834;Friedrich Wilhelm von Steuben; 1730-1794;Thomas Nelson Jr; 1738-1789;Virginia;Chesapeake Bay;Hampton, Virginia; Gabrielle Marguerite de Bourdon; 1737-1804;Charles César de Damas d'Antigny; 1758-1829;Sébastien Charles Hubert de Gestas, marquis de Lespéroux; 1752-1793; Gabrielle Marguerite de Bourdon; 1737-1804;Marie Marguerite de Wignacourt; 1717-1794;Sébastien Charles Hubert de Gestas, marquis de Lespéroux; 1752-1793;Diane-Adélaïde de Rochechouart, duchesse du Châtelet; 1723-1794;Charles César de Damas d'Antigny; 1758-1829;Paris, France;Versailles, France;Newport, Rhode Island","Newport, Rhode Island, USA",41.49043973,-71.31161922,,,,French,,,manifest,https://fromthepage.com/iiif/32030134/manifest,https://fromthepage.com/image-service/32547667/full/pct:30/0/default.jpg,https://fromthepage.com/image-service/32547667/full/pct:10/0/default.jpg,,/objects/transcripts/no163.md,/objects/translations/no163.md,no163,
32030135,164,Brouillon lettre B de V au duc de Coigny,"Charles-Antoine Du Houx, Baron de Vioménil ","François-Henri de Franquetot de Coigny, duc de Coigny",1781-02,,"George Rodney; 1718-1792;Mariot Arbuthnot; 1711-1794;Thomas Graves; 1725-1802;Henry Clinton; 1730-1795;Newport, Rhode Island;The Carolinas;Charleston, South Carolina;Charles Cornwallis, 1st Marquess Cornwallis; 1738-1805;Alexander Leslie; 1731-1794;Henry Clinton; 1730-1795;Mariot Arbuthnot; 1711-1794;Benedict Arnold; 1740-1801;Chesapeake Bay;Virginia;James River;Richmond, Virginia;Elizabeth River;Portsmouth, Virginia;Virginia;Charles René Dominique Sochet Destouches; 1727-1793;Virginia;Jean-Baptiste Donatien de Vimeur de Rochambeau; 1725-1807;Anne-Alexandre-Marie de Montmorency-Laval, marquis de Laval; 1747-1817;Louis-Marie de Noailles; 1756-1804;Charles César de Damas d'Antigny; 1758-1829;Dominique Sheldon; 1760-1802;Jean-Fréderic de Chabannes; 1762-1836 ;Charles Malo François de Lameth; 1757-1832;Jean-Baptiste Donatien de Vimeur de Rochambeau; 1725-1807;Charles César de Damas d'Antigny; 1758-1829;Charles René Dominique Sochet Destouches; 1727-1793;Charles de Bernard de Marigny; 1740-1816;Paris, France;Versailles, France;Newport, Rhode Island",,,,,,,French,,,manifest,https://fromthepage.com/iiif/32030135/manifest,https://fromthepage.com/image-service/32547677/full/pct:30/0/default.jpg,https://fromthepage.com/image-service/32547677/full/pct:10/0/default.jpg,,/objects/transcripts/no164.md,/objects/translations/no164.md,no164,
32030137,165,Brouillon lettre B de V au prince de Montbarrey,"Charles-Antoine Du Houx, Baron de Vioménil ","Alexandre Marie Eleonor of Saint-Mauris, count of Montbarrey, then prince of Montbarrey",1780-10-22,,"Newport, Rhode Island;Donatien-Marie-Joseph de Vimeur de Rochambeau; 1755-1813;Newport, Rhode Island;Armand-Louis Gontaut, duc de Lauzun; 1747-1793;Lebanon, Connecticut;George Rodney; 1718-1792; New York ;Jamaica;Mariot Arbuthnot; 1711-1794;Thomas Graves; 1725-1802;Long Island, New York;Henry Clinton; 1730-1795; New York ;Virginia;Charles Cornwallis, 1st Marquess Cornwallis; 1738-1805;The Carolinas;Nathanael Greene; 1742-1786;Patrick Ferguson; 1744-1780;Charles Cornwallis, 1st Marquess Cornwallis; 1738-1805;Charleston, South Carolina;Rhode Island;Connecticut;Long Island Sound; Boston, Masssachusetts;Philadelphia, Pennsylvania;George Washington; 1732-1799;Hudson River;West Point, New York;New Windsor, New York;Jamaica; New York ;Charleston, South Carolina; New York ;George Washington; 1732-1799;Long Island, New York;Staten Island, New York;Jean-Baptiste Donatien de Vimeur de Rochambeau; 1725-1807;George Washington; 1732-1799; New York ;The Carolinas;Virginia;Charles Cornwallis, 1st Marquess Cornwallis; 1738-1805;Alexander Leslie; 1731-1794;Charles-Henri-Louis d'Arsac de Ternay; 1723-1780;Charles René Dominique Sochet Destouches; 1727-1793","Newport, Rhode Island, USA",41.49043973,-71.31161922,,,,French,,,manifest,https://fromthepage.com/iiif/32030137/manifest,https://fromthepage.com/image-service/32547691/full/pct:30/0/default.jpg,https://fromthepage.com/image-service/32547691/full/pct:10/0/default.jpg,,/objects/transcripts/no165.md,/objects/translations/no165.md,no165,
32029331,24,Copie 2 lettres Washington à Ternay,George Washington,De Ternay ,1780-09-14,,"George Washington; 1732-1799;Charles-Henri-Louis d'Arsac de Ternay; 1723-1780;Mariot Arbuthnot; 1711-1794;George Washington; 1732-1799;Charles-Henri-Louis d'Arsac de Ternay; 1723-1780;Freehold, New Jersey;George Rodney; 1718-1792;Sandy Hook, New Jersey;The West Indies; New York ;South Carolina",Bergen County and Freehold,40.26046912,-74.27416972,,,,French,,,manifest,https://fromthepage.com/iiif/32029331/manifest,https://fromthepage.com/image-service/32541308/full/pct:30/0/default.jpg,https://fromthepage.com/image-service/32541308/full/pct:10/0/default.jpg,,/objects/transcripts/no24.md,/objects/translations/no24.md,no24,
32030667,75a,11 pièces sur fournitures denrées diverses au B de V Lettre des habitants de Boston à Vioménil,Inhabitants of Boston ,"Antoine-Charles Du Houx, Baron de Vioménil",,,"Antoine Charles du Houx, baron de Vioménil; 1734-1827; Boston, Masssachusetts;Faneuil Hall; Boston, Masssachusetts;Louis XVI; 1754-1793; Boston, Masssachusetts;Jean-Baptiste Donatien de Vimeur de Rochambeau; 1725-1807","Boston, Massachussets, USA",42.36027241,-71.05680734,,,,French,,,manifest,https://fromthepage.com/iiif/32030667/manifest,https://fromthepage.com/image-service/32567493/full/pct:30/0/default.jpg,https://fromthepage.com/image-service/32567493/full/pct:10/0/default.jpg,,/objects/transcripts/no75a.md,/objects/translations/no75a.md,no75a,
32030668,76a,Réponse du B de V au x habitants de Boston,"Charles-Antoine Du Houx, Baron de Vioménil ",Inhabitants of Boston,,,"Jean-Baptiste Donatien de Vimeur de Rochambeau; 1725-1807;Louis XVI; 1754-1793;Jean-Baptiste Donatien de Vimeur de Rochambeau; 1725-1807;George Washington; 1732-1799;Louis XVI; 1754-1793; Boston, Masssachusetts","Boston, Massachussets, USA",42.36027241,-71.05680734,,,,French,,,manifest,https://fromthepage.com/iiif/32030668/manifest,https://fromthepage.com/image-service/32567496/full/pct:30/0/default.jpg,https://fromthepage.com/image-service/32567496/full/pct:10/0/default.jpg,,/objects/transcripts/no76a.md,/objects/translations/no76a.md,no76a,
32029411,79,Lettre Rochambeau à B de V ,"Jean-Baptiste Vimeur, Comte de Rochambeau","Antoine-Charles Du Houx, Baron de Vioménil",1781-05-22,,"Wethersfield, Connecticut;François Louis Arthur Thibaut de Ménonville; 1740-1816;Charles René Dominique Sochet Destouches; 1727-1793;François Louis Arthur Thibaut de Ménonville; 1740-1816;John Laurens; 1752-1782;George Washington; 1732-1799;Jean-Baptiste Donatien de Vimeur de Rochambeau; 1725-1807;Charles René Dominique Sochet Destouches; 1727-1793;Guillaume-Jacques-Constant de Liberge de Granchain; 1744-1805;The West Indies;St Kitts","Wethersfield, Connecticut, USA",41.7055914,-72.66338269,,,,French,,,manifest,https://fromthepage.com/iiif/32029411/manifest,https://fromthepage.com/image-service/32541522/full/pct:30/0/default.jpg,https://fromthepage.com/image-service/32541522/full/pct:10/0/default.jpg,,/objects/transcripts/no79-jpg.md,/objects/translations/no79-jpg.md,no79-jpg,
32029418,93,Lettre Rochambeau,"Jean-Baptiste Vimeur, Comte de Rochambeau","Antoine-Charles Du Houx, Baron de Vioménil",1781-08-31,,"Philadelphia, Pennsylvania;George Washington; 1732-1799; Trenton, New Jersey;Princeton, New Jersey; Trenton, New Jersey;George Washington; 1732-1799; Trenton, New Jersey;Red Lion Tavern ;Schuylkill River;Philadelphia, Pennsylvania; Trenton, New Jersey;Jean-Baptiste Donatien de Vimeur de Rochambeau; 1725-1807;John Nielson; 1745-1833; Trenton, New Jersey;George Washington; 1732-1799; Trenton, New Jersey;Antoine Charles du Houx, baron de Vioménil; 1734-1827; Trenton, New Jersey","Philadelphia, Pennsylvania, USA",39.95446916,-75.1792211,,,,French,,,manifest,https://fromthepage.com/iiif/32029418/manifest,https://fromthepage.com/image-service/32541555/full/pct:30/0/default.jpg,https://fromthepage.com/image-service/32541555/full/pct:10/0/default.jpg,,/objects/transcripts/no93.md,/objects/translations/no93.md,no93,
32029419,94,Lettre Rochambeau chez Washington + Itinéraire,"Jean-Baptiste Vimeur, Comte de Rochambeau","Antoine-Charles Du Houx, Baron de Vioménil",1781-09-11,,"George Washington; 1732-1799;Armand-Louis Gontaut, duc de Lauzun; 1747-1793;George Washington; 1732-1799; Baltimore, Maryland;George Washington; 1732-1799; Baltimore, Maryland;Benjamin Lincoln; 1733-1810; Baltimore, Maryland;Jean-Baptiste Donatien de Vimeur de Rochambeau; 1725-1807; Baltimore, Maryland;Potomac River; Williamsburg, Virginia; Baltimore, Maryland; Elkridge Landing, Maryland; Bladensburg, Maryland;Georgetown;Potomac River;Fredericksburg, Virginia ; Caroline County Court House, Virginia;Newcastle, Virginia; Williamsburg, Virginia;Rapahannock River;Fredericksburg, Virginia ;Falmouth, Virginia; Williamsburg, Virginia","Mount Vernon, Virgnia, USA",38.70849081,-77.08820093,,,,French,,,manifest,https://fromthepage.com/iiif/32029419/manifest,https://fromthepage.com/image-service/32541559/full/pct:30/0/default.jpg,https://fromthepage.com/image-service/32541559/full/pct:10/0/default.jpg,,/objects/transcripts/no94.md,/objects/translations/no94.md,no94,
32029420,95,Lettre Rochambeau (Taverne la Rose),"Jean-Baptiste Vimeur, Comte de Rochambeau","Antoine-Charles Du Houx, Baron de Vioménil",1781-09-10,,"Rose's Tavern;Adam Philippe, Comte de Custine; 1740-1793;Gilbert du Motier, marquis de Lafayette; 1757-1834;François Joseph Paul de Grasse; 1722-1788; Baltimore, Maryland;George Washington; 1732-1799; Elkridge Landing, Maryland;Head of Elk, Maryland ;François Joseph Paul de Grasse; 1722-1788; New York ;George Washington; 1732-1799;Gilbert du Motier, marquis de Lafayette; 1757-1834;Charles Cornwallis, 1st Marquess Cornwallis; 1738-1805;George Washington; 1732-1799;Armand-Louis Gontaut, duc de Lauzun; 1747-1793; Baltimore, Maryland;Jean-Baptiste Donatien de Vimeur de Rochambeau; 1725-1807",Rose's Tavern,39.0993545333264,-76.8488938432279,,,,French,,,manifest,https://fromthepage.com/iiif/32029420/manifest,https://fromthepage.com/image-service/32541563/full/pct:30/0/default.jpg,https://fromthepage.com/image-service/32541563/full/pct:10/0/default.jpg,,/objects/transcripts/no95.md,/objects/translations/no95.md,no95,
32029421,96,Lettre Rochambeau (Camp de Williamsbourg),"Jean-Baptiste Vimeur, Comte de Rochambeau","Antoine-Charles Du Houx, Baron de Vioménil",1781-09-15,,"Williamsburg, Virginia;Hans Axel von Fersen; 1755-1810; Annapolis, Maryland;François Joseph Paul de Grasse; 1722-1788;Jean-Baptiste Donatien de Vimeur de Rochambeau; 1725-1807","Williamsburg, Virgnia, USA",37.27045035,-76.70291159,,,,French,,,manifest,https://fromthepage.com/iiif/32029421/manifest,https://fromthepage.com/image-service/32541566/full/pct:30/0/default.jpg,https://fromthepage.com/image-service/32541566/full/pct:10/0/default.jpg,,/objects/transcripts/no96-jpg.md,/objects/translations/no96-jpg.md,no96-jpg,
32029423,97,Lettre Rochambeau (Camp de Williamsbourg) Instructions Rochambeau (Tête de l'Elk),"Jean-Baptiste Vimeur, Comte de Rochambeau","Antoine-Charles Du Houx, Baron de Vioménil",1781-09-08,,"Antoine Charles du Houx, baron de Vioménil; 1734-1827;Head of Elk, Maryland ;Antoine Charles du Houx, baron de Vioménil; 1734-1827;Susquehanna River;Guillaume-Mathieu, comte de Dumas; 1753-1837;George Washington; 1732-1799; Baltimore, Maryland;Armand-Louis Gontaut, duc de Lauzun; 1747-1793;Antoine Charles du Houx, baron de Vioménil; 1734-1827; Baltimore, Maryland;George Washington; 1732-1799; Baltimore, Maryland;Armand-Louis Gontaut, duc de Lauzun; 1747-1793;Pierre-François de Béville;Armand-Louis Gontaut, duc de Lauzun; 1747-1793;George Washington; 1732-1799;Philadelphia, Pennsylvania;George Washington; 1732-1799;Jean-Baptiste Donatien de Vimeur de Rochambeau; 1725-1807;Antoine Charles du Houx, baron de Vioménil; 1734-1827;Jean-Baptiste Donatien de Vimeur de Rochambeau; 1725-1807","Williamsburg, Virginia, USA",37.27045035,-76.70291159,,,,French,,,manifest,https://fromthepage.com/iiif/32029423/manifest,https://fromthepage.com/image-service/32541567/full/pct:30/0/default.jpg,https://fromthepage.com/image-service/32541567/full/pct:10/0/default.jpg,,/objects/transcripts/no97.md,/objects/translations/no97.md,no97,
32029424,98,Lettre Rochambeau (Philadelphie) ,"Jean-Baptiste Vimeur, Comte de Rochambeau","Antoine-Charles Du Houx, Baron de Vioménil",1781-08-31,,"Philadelphia, Pennsylvania;George Washington; 1732-1799;Princeton, New Jersey; Trenton, New Jersey;John Nielson; 1745-1833; Trenton, New Jersey;Red Lion Tavern ;Schuylkill River; Trenton, New Jersey;Neshaminy Creek; philadelphie ;Samuel Hood; 1724-1816;Sandy Hook, New Jersey;Jean-Baptiste Donatien de Vimeur de Rochambeau; 1725-1807","Philadelphia, Pennsylvania, USA",39.95446916,-75.1792211,,,,French,,,manifest,https://fromthepage.com/iiif/32029424/manifest,https://fromthepage.com/image-service/32541570/full/pct:30/0/default.jpg,https://fromthepage.com/image-service/32541570/full/pct:10/0/default.jpg,,/objects/transcripts/no98.md,/objects/translations/no98.md,no98,
32029425,99,Lettre Rochambeau (Camp King's Ferry) ,"Jean-Baptiste Vimeur, Comte de Rochambeau","Antoine-Charles Du Houx, Baron de Vioménil",1781-08-25,,"King’s Ferry, New York ;François Joseph Paul de Grasse; 1722-1788;Chesapeake Bay;Christian, marquis de Deux-Ponts; 1752-1817;Jean-Baptiste Donatien de Vimeur de Rochambeau; 1725-1807","King's Ferry, New York, USA",41.24352447,-73.98620363,,,,French,,,manifest,https://fromthepage.com/iiif/32029425/manifest,https://fromthepage.com/image-service/32541572/full/pct:30/0/default.jpg,https://fromthepage.com/image-service/32541572/full/pct:10/0/default.jpg,,/objects/transcripts/no99.md,/objects/translations/no99.md,no99,